,Percentage of Keywords Detected,Name,Link,About,Detected KeyWords
118,56.00000000000001,Biofourmis,https://biofourmis.com/,"Biofourmis is advancing drug development, clinical research, and Software as a Medical Device (SaMD) through the use of the latest artificial intelligence ...","['personalized', 'machine-learning', 'AI', '24/7', 'digital']"
55,44.0,Castlight Health,https://www.castlighthealth.com/,"Castlight & Vera Whole Health to Combine ... Together, we'll integrate navigation data and technology with best-in-class advanced primary care to pioneer and ...","['personalized', 'personalization', 'digital', 'match']"
116,44.0,MX,https://www.mx.com/,MX works with more than 2000 organizations to automate the money experience for their customers and to empower the world to be financially strong.,"['personalized', 'AI', '24/7', 'digital']"
61,44.0,Spring Health,https://springhealth.com/,"We put our members first by providing fast, simplified access to a variety of mental health solutions - all from one spot. Spring Health integrates with your ...","['personalized', 'personalization', 'machine-learning', 'match']"
156,33.0,Charlie Health,https://www.charliehealth.com/,"Charlie Health is here to support teens, young adults, and families navigating mental health challenges with personalized, evidence-based treatment ...","['personalized', '24/7', 'match']"
97,33.0,Chewy,https://www.chewy.com/,"Shop Chewy for the best pet supplies ranging from pet food, toys and treats to litter, aquariums, and pet supplements plus so much more!","['personalized', '24/7', 'match']"
63,33.0,Happify Health,https://www.happifyhealth.com/,Happify Health is a clinical grade technology company. We shorten the distance between need and care by configuring personalized digital therapeutics and ...,"['personalized', 'AI', 'digital']"
182,33.0,physIQ,https://www.physiq.com/,"physIQ is the only company that uses FDA-cleared, AI-based analytics to “learn” and detect even the most subtle changes in an individual's own unique physiology ...","['personalized', '24/7', 'digital']"
179,33.0,WHOOP,https://www.whoop.com/,"WHOOP analyzes your key metrics like HRV and resting heart rate to determine a daily recovery score, and shows you how specific lifestyle and training behaviors ...","['personalized', '24/7', 'digital']"
178,33.0,Uprise Health,https://uprisehealth.com/,"Uprise Health provides innovative technology-based tools and effective solutions for employee assistance, behavioral health, chronic condition management, ...","['personalized', '24/7', 'digital']"
124,33.0,Sharecare,https://www.sharecare.com/,A health and wellness engagement platform that provides you with personalized resources to live your healthiest life.,"['personalized', 'AI', 'digital']"
10,33.0,Health e(fx),https://healthefx.us/,"While health reform continues to drive complexity, you have the answer. As the leading expert in the field, Health e(fx) simplifies and supports your ACA ...","['personalized', 'digital', 'match']"
71,33.0,Vibrent Health,https://www.vibrenthealth.com/,"Vibrent provides a robust, privacy preserving Digital Health Solutions Platform for clinical research in collaboration with the National Institutes of ...","['personalized', 'AI', 'digital']"
133,33.0,Visiting Angels,https://www.visitingangels.com/,Visiting Angels is a name families across the country trust to provide the best senior home care for their loved ones. We are proud to be a leading provider of ...,"['personalized', 'digital', 'match']"
96,22.0,Ascension,https://healthcare.ascension.org/,"At Ascension, we listen and provide healthcare that's right for you. Find a doctor, access your patient portal, pay your bill, or search for a job.","['personalized', '24/7']"
180,22.0,Adelphi University,https://www.adelphi.edu/,"Discover Adelphi University, Long Island's oldest university for master's and bachelor's degrees. Named best college by Princeton Review.","['personalized', 'digital']"
108,22.0,Cecelia Health,https://www.ceceliahealth.com/,"Cecelia Health helps people with diabetes and other chronic conditions select, implement, and use the right medical devices to improve their health measurably.","['personalized', 'digital']"
53,22.0,Health Care Systems GmbH,https://hcsg.de/home/,"Health Care Systems GmbH is comprised of professionals with more than 15 years' experience in the relevant industries: IT, medicines, consulting in Health Care ...","['AI', 'digital']"
172,22.0,DarioHealth Corp.,https://www.dariohealth.com/,"DarioHealth is a leader in personalized health management, empowering people to navigate their health journeys with data-driven solutions. Learn More!","['personalized', 'digital']"
91,22.0,Sacred Heart Health System,https://healthcare.ascension.org/,"At Ascension, we listen and provide healthcare that's right for you. Find a doctor, access your patient portal, pay your bill, or search for a job.","['personalized', '24/7']"
75,22.0,Bryan Health,https://www.bryanhealth.com/,"Bryan Health is a non-profit, locally owned & governed healthcare organization with an award-winning network of doctors & hospitals, health college & more.","['personalized', 'digital']"
60,22.0,SWORD Health,https://swordhealth.com/,"SWORD brings clinical-grade musculoskeletal care home. We pair licensed PTs with medical-grade tech to make care more convenient, accessible and affordable.","['digital', 'match']"
62,22.0,Vida Health,https://www.vida.com/,"Vida provides access to the best coaches, licensed therapists, registered dietitians, diabetes educators and personal trainers, trained to provide guidance, ...","['personalized', 'digital']"
103,22.0,Wellness Coaches,https://wellnesscoachesusa.com/,Wellness Coaches delivers affordable healthcare services for employers and exceptional results through the power of human interaction and technology and data ...,"['personalized', 'digital']"
175,22.0,Johnson & Johnson MedTech,https://www.jnj.com/healthcare-products/medical-devices,"We are the global leader in medical devices used to treat orthopaedic trauma. The company's fixation products, including screws, plates, nails and other ...","['digital', 'match']"
101,22.0,Actium Health,https://actiumhealth.com/,Artificial intelligence for incredibly human patient outreach. ... We begin by training our models on your organization's siloed patient data sets. Our AI models ...,"['AI', 'digital']"
95,22.0,Cue Health,https://cuehealth.com/,"From COVID-19 to influenza, the Cue Health Monitoring System provides rapid, lab-quality molecular testing—anytime, anywhere.","['24/7', 'digital']"
153,22.0,Onlife Health®,https://www.onlifehealth.com/,"Onlife Health provides Chronic Condition Support and Lifestyle Coaching for Behavioral Health and Wellness. With a track record of proven results, ...","['personalized', 'digital']"
98,22.0,Verily,https://verily.com/,"Verily is focused on using technology to better understand health, as well as prevent, detect, and manage disease. Our mission is to bring together ...","['personalized', 'digital']"
154,22.0,Get Well,https://www.getwellnetwork.com/,"Get Well offers a combination of digital patient engagement solutions, tools, and success strategies to improve patient outcomes across the care continuum.","['personalized', 'digital']"
152,22.0,Viome ,https://www.viome.com/,"When it comes to getting the right food and supplements, don't guess. Test! Viome analyzes your blood and stool to generate personalized food recommendations ...","['personalized', 'AI']"
65,22.0,Quartet Health,https://www.quartethealth.com/,Quartet is a platform that makes it easier for people to get the best mental health care for them · We reach people who need care · We connect people to the right ...,"['digital', 'match']"
57,22.0,Omada Health,https://www.omadahealth.com/,"Omada is a digital care solution with personalized programs, designed to adapt to every member.","['personalized', 'digital']"
137,22.0,Conversa Health,https://conversahealth.com/,"Conversa's Virtual Care and Triage Platform™ was built to meet the expectations of today's healthcare consumer, while helping innovative health ...","['personalized', 'digital']"
143,22.0,Oshi Health,http://oshihealth.com/,"Oshi Health is GI care that fits into real life with a virtual-first care model. We help people gain control over their condition, from diagnosis to ...","['personalization', 'digital']"
4,22.0,Personalized Medicine Coalition,https://www.personalizedmedicinecoalition.org/,"The Personalized Medicine Coalition (PMC), representing innovators, scientists, patients, providers and payers, promotes the understanding and adoption of ...","['personalized', 'digital']"
144,22.0,"GSW, powered by Syneos Health ",https://syneoshealthcommunications.com/global-network/gsw,"GSW is a healthcare communications agency that offers digital & social media strategy, development & Insight, predictive modeling, PR, & market research.","['personalized', 'digital']"
128,22.0,84.51˚,https://www.8451.com/,At 84.51° we use unmatched 1st party retail data and analytics powered by cutting edge science to fuel a more customer-centric journey.,"['personalized', 'digital']"
197,22.0,ConvergeHEALTH by Deloitte,https://www2.deloitte.com/us/en/pages/consulting/solutions/converge/converge-health.html,"ConvergeHEALTH™ creates life sciences and health care technology solutions to help organizations make value-based, personalized health care a reality today.","['personalized', 'digital']"
127,22.0,Seton Healthcare Family,https://healthcare.ascension.org/,"At Ascension, we listen and provide healthcare that's right for you. Find a doctor, access your patient portal, pay your bill, or search for a job.","['personalized', '24/7']"
126,22.0,Wildflower Health,https://www.wildflowerhealth.com/,"Wildflower connects women and families to better care by breaking down silos among providers, payer and best-in-class partners.","['personalized', 'digital']"
163,22.0,Veta Health,https://myvetahealth.com/,Veta Health is a remote care company that provides technology to better support patients beyond the four walls of the care setting.,"['personalized', 'digital']"
191,22.0,CITYMD,https://www.citymd.com/,"Need help? Browse our frequently asked questions. Aftercare & Referrals, General, Insurance & Billing, Services. Ask CityMD. Haven't ...","['24/7', 'digital']"
67,22.0,DayToDay Health,https://www.daytoday.health/,"DayToDay provides end to end patient management solutions, tailored care journeys for hospitals to guide patients through surgical treatments and ...","['personalization', 'digital']"
21,22.0,Health Catalyst Capital Management LLC,https://www.healthcatalystcapital.com/,"Health Catalyst Capital Management is an independent fund manager investing in private, growth-stage healthcare information technology and ...","['personalized', 'digital']"
120,22.0,Purdue University Global,https://www.purdueglobal.edu/,Start earning a degree today from Purdue Global - an accredited online university within the Purdue University system. Choose from more than 175 programs.,"['personalized', 'match']"
66,22.0,Ministry Health Care,https://healthcare.ascension.org/,"At Ascension, we listen and provide healthcare that's right for you. Find a doctor, access your patient portal, pay your bill, or search for a job.","['personalized', '24/7']"
117,22.0,Eden Health,https://www.edenhealth.com/,"Eden Health keeps your people productive and healthy with personalized, full-spectrum primary care, mental health care, and insurance benefit navigation.","['personalized', 'digital']"
114,22.0,Bodybuilding.com,https://www.bodybuilding.com/,"The largest selection of fitness articles, exercises, workouts, supplements, & community to help you reach your goals!","['digital', 'match']"
113,22.0,Livongo,https://www.livongo.com/,"Livongo's personalized health programs help make managing your diabetes, blood pressure, weight and more easier and at no additional cost to you.","['personalized', '24/7']"
82,11.0,WebMD Health Services,https://www.webmdhealthservices.com/,WebMD Health Services designs well-being programs for employers and health plans. Learn more about our industry-leading corporate well-being programs today.,['personalized']
78,11.0,Everside Health,https://www.eversidehealth.com/,"Everside Health offers complete direct-to-employer primary care and behavioral health at health centers located at or near work, home—and virtually.",['digital']
77,11.0,EHE Health,https://ehe.health/,"EHE Health is the leader in preventive health care. ... We're a preventive health care benefit—helping people live longer, healthier lives with personalized ...",['personalized']
85,11.0,Behavioral Health Group - BHG,https://www.bhgrecovery.com/,"Behavioral Health Group (BHG) is the largest network of Joint Commission-accredited outpatient opioid treatment and recovery centers in the U.S., ...",['personalized']
84,11.0,Via Christi Health,https://healthcare.ascension.org/locations?page=1&facility=&location=Wichita%2C%20KS%2067214&distance=50&filter=,"Ascension Via Christi Cardiac and Pulmonary Rehabilitation Clinic. Specialty Care. Address. 929 Saint Francis Wichita, KS 67214. Phone. (316) 261- ...",['personalized']
80,11.0,Saint Thomas Health,https://healthcare.ascension.org/patient-resources/tennessee/tnnas,"Use our online patient portal to access medical records from care you received at Ascension Saint Thomas in Nashville, Tennessee.",['personalized']
0,11.0,Personalized Health and Fitness,https://www.phf-seattle.com/,A hybrid gym facility and health clinic in Seattle's Central District for all your wellbeing needs. Sign up online today!,['personalized']
162,11.0,Sana,https://sanabenefits.com/,"Does your small business need better health insurance? Get specially designed benefits for employees, including medical, dental, vision & more.",['24/7']
88,11.0,Broward Health,https://www.browardhealth.org/,"We are a nationally recognized healthcare system in South Florida providing high-quality, compassionate care to all. Find out more about our services.",['24/7']
94,11.0,Rally Health,https://www.rallyhealth.com/,"Rally® is a digital health experience that helps you make simple changes in your daily routine, set goals for yourself, and track your results online.",['digital']
1,11.0,"Personalized Health Solutions, LLC",http://personalizedhealthsolutions.com/,"Personalized Health Solutions, LLC connects healthcare providers with state-of-the-art diagnostic laboratories performing Pharmacogenomic (PGx) testing, ...",['personalized']
102,11.0,"Prescryptive Health, Inc.",https://prescryptive.com/,"We build healthcare technology that empowers: Our secure platform offers mobile experiences that drive transparency, choice, and control.",['personalized']
105,11.0,Kemper,https://www.kemper.com/,"The Kemper family of companies is one of the nation's leading insurers. With $14.3 billion in assets, Kemper is improving the world of insurance by offering ...",['personalized']
107,11.0,Chopra Global,https://chopra.com/,"Find meditation guides, self-care resources, and hundreds of years of ayurvedic knowledge with Chopra. Unlock the key to whole health.",['personalized']
111,11.0,Kindred at Home,https://www.kindredathome.com/,"Receive comprehensive, empathetic care in the comfort and safety of your own home. As the nation's largest home care company, we have the experience and ...",['24/7']
119,11.0,Kean Health,https://www.keanhealth.com/,Kean Health | personalized at-home gut microbiome testing & DNA testing kits to give you one-of-a-kind results so you can stop guessing & start testing.,['personalized']
121,11.0,Netsmart,https://www.ntst.com/,"Netsmart is an IT partner to health services providers and organizations, developing management process solutions and electronic medical records for the ...",['AI']
150,11.0,Raley's,https://www.raleys.com/,We offer convenient pickup or delivery in as little as two hours. shop now · Find a Store ...,['personalized']
149,11.0,IKONA Health,https://www.ikona.health/,"ikona is creating a new category in healthcare education called learning awareness. Built by clinicians, patients, learning scientists and storytellers who know ...",['personalized']
125,11.0,CRC Health Group,https://www.acadiahealthcare.com/,Acadia Healthcare is the largest international treatment network of behavioral healthcare facilities. Offering multiple levels of care for all populations.,['24/7']
145,11.0,Cyntexa,https://cyntexa.com/,"Our Services. Cyntexa is a one-stop destination for all your Salesforce needs. So whether it's Salesforce Implementation, Development, Consulting or Managed ...",['personalized']
135,11.0,"Human Longevity, Inc.",https://humanlongevity.com/,"Built by the pioneers of the human genome sequencing effort, Human Longevity is the global leader in advancing the Human Longevity Care movement, ...",['personalized']
76,11.0,Vault Health,https://www.vaulthealth.com/,"Vault accelerates better health outcomes through faster diagnosis, innovative clinical research, and digital-first care delivery. We deliver care to patients on ...",['digital']
169,11.0,Genomind,https://genomind.com/,Welcome to Genomind: the science behind better. We are a leading precision health company offering distinct solutions to optimize treatment.,['personalized']
167,11.0,LEARN Behavioral,https://www.learnbehavioral.com/,We're a national organization made up of some of the most established providers in the field of autism treatment. Our purpose: nurturing the unique potential of ...,['personalized']
185,11.0,Global Healthcare Resource,https://www.globalhealthcareresource.com/,"Leading revenue cycle solutions firm providing medical billing, coding, patient experience & eligibility and medical record services for over 20 years.",['personalized']
44,11.0,Health Care Alliance for Patient Safety,https://www.patientsafetytoday.com/,The Health Care Alliance for Patient Safety (APS) was founded in 2018 to advocate for patient safety and to protect and defend the doctor-patient ...,['personalized']
43,11.0,Vanderbilt University Medical Center,https://www.vumc.org/,"Monday Blood Drive, 11 a.m.-5 p.m., in Vanderbilt University Hospital: Employees, Patients, Visitors Urged to Give Blood While at VUMC.",['personalized']
40,11.0,Express Scripts,https://www.express-scripts.com/,"Express Scripts® Pharmacy is all about you. ... For our members, we offer stress-free prescription management, reliable delivery, and world-class pharmacy care ...",['digital']
39,11.0,Health Tourism Costa Rica,https://www.anywhere.com/costa-rica/travel-guide/medical-tourism,"Costa Rica's medical tourism industry continued to grow. Today, Costa Rica is one of the most reliable, affordable and efficient countries for medical ...",['personalized']
181,11.0,Clinipace,https://www.clinipace.com/,Clinipace strives to impact the future of drug development and health care by combining the most advanced technology and a CHALLENGE ACCEPTED approach. About ...,['personalized']
183,11.0,Invitae,https://www.invitae.com/en,Invitae is trusted by doctors around the world. Our labs are equipped with cutting-edge technology and staffed by some of the world's top genetic experts.,['personalized']
196,11.0,MEDGENOME,https://research.medgenome.com/,"MedGenome is a global leader in personalized medicine with unique genomic solutions in immuno-oncology, diabetes, ophthalmology and rare diseases. It has a high ...",['personalized']
73,11.0,Buoy Health,https://www.buoyhealth.com/,"Check your symptoms and clarify your options for care. The Buoy A.I. health assistant guides you on your way to well, the moment you feel sick.",['AI']
32,11.0,Supplemental Health Care,https://www.shccares.com/,"Supplemental Health Care is a leading healthcare staffing partner – but also, so much more. For more than 35 years, we've connected passionate healthcare ...",['digital']
176,11.0,Shawnee State University,https://www.shawnee.edu/,"Shawnee State is a student-focused public university offering a highly personalized, affordable, and accessible education dedicated to the exploration of ...",['personalized']
31,11.0,Health Travellers Worldwide,https://www.healthtravellersworldwide.com/,Health Travellers Worldwide (HTW) is an Independent Health Advisory Services Company catering to discerning patients seeking quality healthcare abroad.,['digital']
30,11.0,Envision Personalized Health,https://www.yelp.com/biz/envision-personalized-health-san-diego,"4620 Alvarado Canyon Rd. Ste 14 San Diego, CA 92120. Directions · (619) 229-9695. Call Now · View offerings · More Info. Hours, Accepts Credit Cards, Parking, Bike ...",['personalized']
29,11.0,Health Center of Excellence - HCE,https://hce-med.com/,"HCE is defined as interconnected collaborative centers of professional knowledge and skills, which have common applicability to the benefit of all nations ...",['digital']
186,11.0,Natera,https://www.natera.com/,"Natera advances the leading edge of molecular diagnostics with the utmost integrity and scientific rigor, and actively supports the understanding and ...",['personalized']
15,11.0,Swiss Personalized Health Network (SPHN),https://sphn.ch/,The Swiss Personalized Health Network is a national initiative under the leadership of the Swiss Academy of Medical Sciences (SAMS). In collaboration with the ...,['personalized']
26,11.0,Personalized Medicine Care Diagnostics (PMCDx),https://pmcdx.com/,"Based at Germantown Innovation Center (GIC) in Maryland, USA. Personalized Medicine Diagnostics Laboratory (PMCDx) employs state of art technologies to deliver ...",['personalized']
25,11.0,Johnson & Johnson,https://www.jnj.com/,"For over 130 years, Johnson & Johnson has maintained a tradition of quality and innovation. Learn about the products, people and history that make up our ...",['digital']
24,11.0,Health Science Communications New Jersey,https://www.hsci.com/,"Curiosity fuels us. We seek inspiration from the expected and unexpected, inside pharma and out—from our Amazon experience as consumers to real world ...",['digital']
9,11.0,PERSONALIZED HEALTH AND PREVENTIVE MEDICINE LLC,https://www.healthcare4ppl.com/medical-group/florida/aventura/personalized-health-and-preventive-medicine-llc-6406147495.html,Personalized Health And Preventive Medicine LLC is a Medical Group that has only one practice medical office located in North Miami FL. There are 2 health ...,['personalized']
45,11.0,Health.Finance,https://health.finance/,Health.Finance is a payment plan origination platform that addresses the needs of the patients underserved by the companies using traditional lending procedures ...,['personalized']
48,11.0,"ELITE Personalized Health, LLC",https://www.facebook.com/elitepersonalizedhealth/,"We aim is to provide you with the best quality, science-based information and expertise to successfully and sustainably improve every aspect of your health.",['personalized']
54,11.0,Lyra Health,https://www.lyrahealth.com/,"Smarter mental health benefits, better outcomes · 7x more members receive effective care. EAPs engage 2-3% of members, while Lyra sees 15% of employees sign up ...",['personalized']
168,11.0,M2GEN,https://www.m2gen.com/,M2GEN is an oncology-focused health informatics solutions company with the mission to help patients get access to the best treatments by leveraging clinical ...,['personalized']
140,11.0,Sollis Health,https://sollishealth.com/,Sollis is your partner in navigating the complex health system – from selecting a specialist and bypassing the waitlist to see them to VIP hospital services. “ ...,['24/7']
170,11.0,Elements Massage®,https://elementsmassage.com/,Elements Massage provides custom massages at an affordable price to improve your health and overall well being. Discover more about our promise today!,['personalized']
2,11.0,Health Advocate,https://www.healthadvocate.com/site/,"Health Advocate makes healthcare easier for over 12,500 organizations and their members by leveraging a combination of personal support, data and technology to ...",['personalized']
198,11.0,ModMed,https://www.modmed.com/,Specialty-specific suites of products and services that seamlessly integrate with our powerful electronic health records software. circles with modmed suite - ...,['digital']
5,11.0,"PERSONALIZED HEALTH NUTRITION, PLLC",https://www.phnutritiondiabetes.com/,"Personalized Health Nutrition was created to help patients take charge of their health in a supportive, scienced based setting. We work along with you and your ...",['personalized']
64,11.0,Carenet Health,https://carenethealthcare.com/,"At Carenet Health, we focus on three areas of impact for our clients: increasing revenue, lowering costs and improving the healthcare consumer experience.",['24/7']
56,11.0,Ciox Health,https://www.cioxhealth.com/,Ciox leverages a ubiquitous network of clinical data connections to simply and securely connect healthcare decision makers with the data and hidden insights in ...,['digital']
58,11.0,Carbon Health,https://carbonhealth.com/?lng=en,"Carbon Health Provides Smart, hassle-free Primary & Urgent Care. Book same day Adult & Pediatric appointments instantly.",['digital']
6,11.0,Personalized Health Solutions,http://personalizedhealthsolutions.com/,"Personalized Health Solutions, LLC connects healthcare providers with state-of-the-art diagnostic laboratories performing Pharmacogenomic (PGx) testing, ...",['personalized']
7,11.0,"PERSONALIZED HEALTH SERVICES, CORP",https://www.seniorcare.com/assisted-living/fl/miami/personalized-health-services-corp/13569/,"Contact Information. 8510 Sw 12th Street Miami, FL 33144. Price & Availability: (855) 344-4048. General Info: (786) 294-0804. County: Miami-Dade.",['personalized']
8,11.0,PERSONALIZED HEALTH CARE INC,https://www.cnbc.com/2020/01/08/accolade-hires-banks-ahead-of-a-potential-ipo-in-2020.html,"We provide access to quality primary care, mental health support and expert medical opinions all backed by a team of clinical and benefits specialists. It's an ...",['digital']
50,11.0,DSM,https://www.psychiatry.org/psychiatrists/practice/dsm,The Diagnostic and Statistical Manual of Mental Disorders (DSM–5) is the product of more than 10 years of effort by hundreds of international experts in all ...,['personalized']
49,11.0,Jazz,https://en.wikipedia.org/wiki/Jazz,"Jazz is a music genre that originated in the African-American communities of New Orleans, Louisiana, United States, in the late 19th and early 20th ...",['digital']
192,0.0,TB12,https://tb12sports.com/,"The TB12 Method is a holistic approach to health and wellness, with a focus on performance and recovery. At the center of the TB12 Method is the concept of ...",[]
146,0.0,Valera Health,https://www.valerahealth.com/,Work with your Health Coach to find the therapist and/or doctor that's right for you · Our Valera Health secure platform provides a direct connection to your ...,[]
147,0.0,Massachusetts Bay Community College,https://www.massbay.edu/,"The most affordable college in MetroWest, offering 60 two-year associate degree and one-year certificate programs in a warm, supportive environment.",[]
195,0.0,doTERRA Wellness Advocate,https://www.doterra.com/US/en/form/find-wellness-advocate,"Find a Wellness Advocate ... If you would like to learn more about dōTERRA's Certified Pure Tested Grade essential oils or other essential oil wellness products, ...",[]
148,0.0,Physio,https://www.csp.org.uk/careers-jobs/what-physiotherapy,"Industry-leading physical therapy. Hand, back, spine, vestibular, women's health, respiratory, covid recovery, sports medicine, return to play + more.",[]
142,0.0,Jawbone,https://www.jawbone.com/,The meaning of JAWBONE is jaw; especially : mandible. How to use jawbone in a sentence.,[]
194,0.0,Ogletree Deakins,https://ogletree.com/,"Ogletree Deakins is a leading labor and employment law firm. As advocates for management, we have a reputation for legal excellence and client service.",[]
193,0.0,"CSAA Insurance Group, a AAA Insurer",https://csaa-insurance.aaa.com/,"Join your local AAA club for road and travel benefits, discounts and more. MEMBERSHIP. Is your next career move with CSAA Insurance Group? Find out.",[]
184,0.0,City of Hope,https://www.cityofhope.org/homepage,"Founded in 1913, City of Hope is a National Cancer Institute-designated comprehensive cancer center and a founding member of the National Comprehensive ...",[]
190,0.0,WebMD,https://www.webmd.com/,"The leading source for trustworthy and timely health and medical news and information. Providing credible health information, supportive community, ...",[]
189,0.0,St. John Health System,https://www.stjohnhealthsystem.com/patient-online-services/online-patient-records/st-john-online-login,St. John Online Login. If you have received an invitation and access code to St. John Online but are having difficulty completing your registration:.,[]
166,0.0,National Jewish Health,https://www.nationaljewish.org/home,"National Jewish Health is the leading respiratory hospital and offers treatment and research for pulmonary, cardiac, immune and related conditions.",[]
165,0.0,Healthcare Staffing Professionals Inc.,https://www.hsp-inc.com/,"Healthcare Staffing Professionals specialize in healthcare, IT, admin, and finance staffing throughout the United States. View our staffing positions here.",[]
171,0.0,Gateway Foundation,https://www.samhsa.gov/find-help/national-helpline,"Describes how alcohol and drug addiction affect the whole family. Explains how substance abuse treatment works, how family interventions can be ...",[]
164,0.0,Lexia Learning,https://www.lexialearning.com/,Lexia Learning provides structured literacy solutions and professional learning to 5.5 million K-12 students and their 350K educators at over 20K schools ...,[]
173,0.0,California State University - East Bay,https://www.csueastbay.edu/,"Cal State East Bay serves the Bay Area as part of the California State University system, providing access to higher education for a diverse student body.",[]
161,0.0,Quil,https://quilhealth.com/,"We help people organize and navigate their health lives in partnership with their providers, health plans and loved ones. We're shaping the future, ...",[]
160,0.0,Eagle Hill Consulting,https://www.eaglehillconsulting.com/,"Eagle Hill takes an unconventional approach to management consulting, with innovative offerings in change management, workforce planning, and more.",[]
174,0.0,American Association of Nurse Practitioners,https://www.aanp.org/,AANP is the largest and only full-service national professional membership organization for NPs of all specialties.,[]
159,0.0,Newtopia Inc.,https://www.newtopia.com/,The Newtopia Difference. Hear it from Participants. Hearts & Minds: Newtopia Testimonials ... 2022 Newtopia Inc. Facebook logo icon · Instagram logo icon ...,[]
158,0.0,Pack Health,https://packhealth.com/,Pack Health is an evidence-based patient engagement platform that changes health behaviors to close gaps in care and improve outcomes.,[]
157,0.0,Brightline,https://www.gobrightline.com/,"Live life on the bright side. Brightline high-speed-rail offers train travel in unparalleled speed, comfort, and style.",[]
155,0.0,Relias,https://www.relias.com/,"Reduce your healthcare organization's variation in care through personalized learning, performance metrics, and assessments. Learn more from Relias now!",[]
187,0.0,Western Connecticut Health Network (WCHN),https://www.nuvancehealth.org/about-us/who-we-are/accountable-care-organization-aco/western-connecticut-health-network-physician-hospital-organization-aco-inc,"Western Connecticut Health Network Physician Hospital Organization ACO, Inc ; Connecticut Family Orthopedics, PC, N ; Connecticut Neck & Back Specialists, LLC, N.",[]
151,0.0,Bind Benefits,https://www.yourbind.com/,"Join the future of health care. Bind is $0 deductible, ACA-compliant health plan solution available to employers with 51+ employees, available in all 50 ...",[]
188,0.0,Johns Hopkins Medicine International,https://www.hopkinsmedicine.org/international/,Johns Hopkins Medicine is one of the top health care systems in the world for both adult and pediatric care. We are home to dozens of world-renowned centers of ...,[]
141,0.0,VIVA HEALTH,https://www.vivahealth.com/,Viva Medicare is an HMO plan with a Medicare contract and a contract with the Alabama Medicaid Agency. Enrollment in Viva Medicare depends on contract renewal.,[]
100,0.0,Marsh McLennan Agency,https://www.marshmma.com/,Marsh McLennan Agency brings world-class resources and a consultative approach tailored to your company's specific needs..,[]
139,0.0,Myriad Genetics,https://myriad.com/,Advancing health and well-being for all women. Vital genetic insights for healthcare providers and the women who rely on them. ... Decisions empowered by genetics.,[]
33,0.0,Quebec Network for Personalized Health Care,https://www.linkedin.com/company/soins-de-sant-personnalis-s-qu-bec-personalized-health-care,Quebec Network for Personalized Health Care | 177 followers on LinkedIn. The Quebec Network for Personalized Health Care (QNPHC) is a not-for-profit ...,[]
59,0.0,Parsley Health,https://www.parsleyhealth.com/,"Through Parsley Health's member portal and clinically-proven symptom tracker, you can view your progress and access notes, health plans, test results, and in- ...",[]
52,0.0,Health 2030,https://health.gov/healthypeople,Healthy People 2030 sets data-driven national objectives to improve health and well-being over the next decade. ... Healthy People 2030 includes ...,[]
51,0.0,UMC Utrecht,https://www.umcutrecht.nl/,"Welkom bij het UMC Utrecht. We richten onze inspanningen op het gebied van zorg, onderzoek, onderwijs en het vernieuwen hiervan op zes speerpunten.",[]
47,0.0,Preventum: Personalized Health Care,https://ca.linkedin.com/company/preventum-personalized-health-care,"Preventum: Personalized Health Care | 22 followers on LinkedIn. Preventum Performance utilizes medical grade analysis, removing the guesswork in caring for ...",[]
46,0.0,Philips,https://www.usa.philips.com/,"Learn more about Philips and how we help improve people's lives through meaningful innovation in the areas of Healthcare, Consumer Lifestyle and Lighting.",[]
42,0.0,Health Coach Wise,https://www.linkedin.com/company/health-coach-wise,"Health Coach Wise | 421 followers on LinkedIn. Health Coach Wise , Inc. is a company dedicated to optimal health. We work with individuals and groups all ...",[]
41,0.0,Health Hatch,https://www.instagram.com/healthhatch/?hl=en,"Health Hatch. Health & wellness website. Celebrity Dietitian, Weightloss, Diabetes & PCOS expert | Online Diet Programs |  Happy Clients in 36+ ...",[]
38,0.0,The Ohio State University Wexner Medical Center,https://wexnermedical.osu.edu/,The Ohio State Wexner Medical Center is a leader in central Ohio for healthcare and medical research. With a variety of services and locations throughout ...,[]
37,0.0,Brookdale,https://www.brookdalecc.edu/,"Brookdale Community College, located in Lincroft, New Jersey, is ranked in the top 3% of community colleges in the nation!",[]
36,0.0,Spectrum Health,https://www.spectrumhealth.org/,"Spectrum Health, based in Grand Rapids MI, is an integrated health system with teams of nationally recognized doctors and providers.",[]
35,0.0,Health Highway,https://www.healthcarehighways.com/,"At Healthcare Highways we are restoring competition to the healthcare marketplace. Learn how our Custom, value-based healthcare solutions can work for you.",[]
34,0.0,Roche,https://www.roche.com/,"As a pioneer in healthcare, we have been committed to improving lives since the company was founded in 1896 in Basel, Switzerland. Today, Roche creates ...",[]
28,0.0,Humana,https://www.humana.com/,"Find the health insurance plan to fit your needs from Humana. Turning 65? You can sign up for Medicare coverage! Start with healthy, start with Humana.",[]
138,0.0,Armor Health,https://armorhealthcare.com/,"Partnering to improve health care outcomes, provide ongoing support for patients and foster the wellness and wellbeing of the populations we serve.",[]
27,0.0,Health Right India,https://www.orfonline.org/expert-speak/declaring-the-right-to-health-a-fundamental-right/,"The Constitution of India does not expressly guarantee a fundamental right to health. However, there are multiple references in the Constitution ...",[]
23,0.0,Health Lane Family Pharmacy Sdn Bhd,https://healthlane.com.my/,"Health Lane Family Pharmacy is a well-established and growing chain of pharmacy with more than 30 years experience! Over 100 outlets in Malaysia, ...",[]
22,0.0,Health Sciences North Research Institute/L’Institut de recherches d’Horizon Santé-Nord,https://ca.linkedin.com/company/hsnri,"Health Sciences North Research Institute/L'Institut de recherches d'Horizon Santé-Nord. Research Services. Sudbury, Ontario 630 followers. See jobs Follow.",[]
20,0.0,Health for People,"https://www.linkedin.com/company/health-for-people#:~:text=Health%20for%20People%20(H4P)%20is,education%20and%20personalized%20care%20management.",Healthy People 2030 sets data-driven national objectives to improve health and well-being over the next decade. ... Healthy People 2030 includes ...,[]
19,0.0,IT Health Fusion,https://login.healthfusion.com/,Log-in to HealthFusion MediTouch here! You're always just an internet connection away from accessing all your data with the MediTouch cloud-based system.,[]
18,0.0,Health Management Corporation,https://www.linkedin.com/company/health-management-corporation,HMC is taking health care to a higher level by helping you improve and maintain the health and wellness of your total population with a comprehensive suite ...,[]
17,0.0,Health & Wellness Coach,https://nbhwc.org/,The NBHWC is leading the advancement of health & wellness coaching by establishing professional standards and collaborative partnerships.,[]
16,0.0,Health-RI,https://health.ri.gov/,State of Rhode Island: Department of Health.,[]
14,0.0,"Health Solutions (now Interactive Health, Inc.)",https://www.linkedin.com/company/health-solutions,Interactive Health (www.interactivehealthinc.com) is the leading provider of outcomes-based health management solutions designed to engage employees in the ...,[]
13,0.0,Health in Code Group,https://healthincode.com/en/,"Research is one of our priorities at Health in Code. Our team participates in international studies, with all manner of professionals, in order to expand ...",[]
11,0.0,Curtis Personalized Health Management Limited,https://curtishealth.com/,Curtis Health is the most established workplace wellness service organization in the Vancouver area since 1985 offering corporate health & wellness services.,[]
3,0.0,Health Alliance Plan,https://www.hap.org/,"Affordable Michigan health insurance plans for individuals, families, employer groups and Medicare and Medicaid members.",[]
68,0.0,Interactive Health,https://www.linkedin.com/company/interactive-health-inc,"Interactive Health (www.interactivehealthinc.com), the country's leading provider of health management solutions, creates innovative wellness programs ...",[]
69,0.0,Penn State Health,https://www.pennstatehealth.org/,Penn State Health is a multi-hospital health system serving patients and communities across central Pennsylvania.,[]
70,0.0,Priority Health,https://www.priorityhealth.com/,"Affordable, award-winning health insurance plans for Michigan individuals, families, employer groups, and Medicare and Medicaid members. Enroll today!",[]
72,0.0,LifeStance Health,https://lifestance.com/,LifeStance Health's family of behavioral health brands offer online psychiatry and therapy services across the US. Most major insurances accepted!,[]
136,0.0,Yale New Haven Health,https://www.ynhhs.org/,"Connecticut's leading healthcare system. Offering comprehensive, family-focused services in more than 100 specialties – with the greatest of care.",[]
134,0.0,Carson Tahoe Health,https://www.carsontahoe.com/,"Carson Tahoe Health is a comprehensive healthcare network featuring two hospitals, two urgent cares, an emergent care center, outpatient services and a ...",[]
132,0.0,VSP Vision Care,https://www.vsp.com/,"VSP members receive great care and more value at a Premier Program location, which is part of our incredible network of highly knowledgeable doctors. All ...",[]
131,0.0,Flywheel Sports,https://www.instagram.com/flywheelsports/?hl=en,"Flywheel Sports. Community. We've been delivering fun, results-driven indoor cycling & precision training classes since 2010 #NeverCoast New FLY Merch.",[]
130,0.0,"Emulate, Inc.",https://emulatebio.com/,Next generation advanced in vitro models from Emulate empower researchers to emulate biology and predict human response. Get started today.,[]
129,0.0,Elation Health,https://www.elationhealth.com/,"In primary care today, physicians face unsustainable pressure to balance patient care with compliance & documentation requirements. Elation alleviates that ...",[]
123,0.0,Brown & Brown,https://www.bbinsurance.com/,"Brown & Brown, Inc. has proudly offered a comprehensive range of insurance services and solutions since 1939. Publicly traded since 1993, we are listed on the ...",[]
122,0.0,Metagenics,https://www.metagenics.com/,Metagenics partners with functional and integrative health care providers to improve patient health through personalized lifestyle medicine and high-quality ...,[]
115,0.0,University of Northern Colorado,https://www.unco.edu/,"UNC offers more than 200 undergraduate, graduate, extended campus and online programs, designed to help you pursue your goals and find your path with expert ...",[]
112,0.0,Abrazo Health,https://www.abrazohealth.com/home,"About Abrazo Health. Abrazo Health offers a wide range of services across the greater Phoenix area through its hospitals, emergency centers and primary care and ...",[]
110,0.0,Emerald Health Services,https://www.emeraldhs.com/,Emerald Health Services is a travel nursing and allied healthcare recruiting agency that's been going above and beyond to curate life-changing experiences for ...,[]
109,0.0,Assurex Health,https://genesight.com/,GeneSight Psychotropic is a pharmacogenomic test that analyzes clinically important genetic variations in your DNA. The results of the test can inform your ...,[]
106,0.0,"Accolade, Inc.",https://www.accolade.com/,"Exceptional healthcare delivered by humans. Not bots. With Accolade, your people and their families are treated like individuals. We provide access to quality ...",[]
104,0.0,Color,https://www.color.com/,"A complete platform for healthcare delivery. From population genomics programs to high-throughput COVID-19 testing, Color provides the technology and ...",[]
99,0.0,Augusta Health,https://www.augustahealth.com/,"Nestled in Virginia's beautiful Shenandoah Valley, Augusta Health is among the finest community hospitals in America.",[]
93,0.0,Cityblock Health,https://www.cityblock.com/,Cityblock works with you and your insurance provider to address gaps in your current care. We then split the cost savings that come with better care with your ...,[]
92,0.0,Genomic Health,https://online.genomichealth.com/,Physician Portal · Exact Sciences Corporation · OncotypeIQ · Submit a Patient Case (Breast or Colon—US only).,[]
90,0.0,Clover Health,https://www.cloverhealth.com/en/,Clover Health is a Preferred Provider Organization (PPO) and a Health Maintenance Organization (HMO) with a Medicare contract. Enrollment in Clover Health ...,[]
89,0.0,"Persona, a Nestlé Health Science company",https://www.linkedin.com/company/personanutrition,"Persona, a Nestlé Health Science company | 9964 followers on LinkedIn. Daily Vitamin Packs Personalized for YOU! | Persona delivers the simplicity and ...",[]
87,0.0,Greenville Health System,https://www.prismahealth.org/,"As South Carolina's largest private, non-profit healthcare system, Prisma Health is here to create a better state of health for South Carolinians.",[]
86,0.0,Circadia Health,https://circadia.health/,"Enabling early detection of respiratory failure powered by contactless sensing, clinic software, and artificial intelligence.",[]
83,0.0,Propeller Health,https://propellerhealth.com/,"More than 100,000 people have trusted Propeller to help manage their asthma or COPD. · Many people experience fewer symptoms and flare-ups after just one month.",[]
81,0.0,Moda Health,https://www.modahealth.com/,"Learn about Moda Health and Delta Dental plans. Find care. Get details about benefits, claims, member resources and more.",[]
79,0.0,El Camino Health,https://www.elcaminohealth.org/,"El Camino Health includes two not-for-profit acute care hospitals in Los Gatos and Mountain View and urgent care, multi-specialty care and primary care ...",[]
74,0.0,Grand Rounds Health,https://grandrounds.com/,"We're here to find you a doctor, tackle a bill or explain your insurance benefits. And thanks to your employer, it won't cost you a thing.",[]
199,0.0,Vincennes University,https://www.vinu.edu/,Founded in 1801 VU is Indiana's first college making your degree widely recognized by top employers! Vincennes is a vibrant city rich with culture and history.,[]
12,,HEALTH[at]SCALE Technologies,https://www.healthatscale.com/,"Personalized. Predictive. · Team. Founded and led by top machine learning and clinical faculty and industry experts from MIT, Harvard, Stanford, U-Michigan and ...",
177,,VMS BioMarketing,https://www.vmsbiomarketing.com/,"VMS BioMarketing is a leading provider of Clinical Educator solutions focused on empowering healthcare providers and patients through product support, ...",
